CLAVE,MARCA ,LINEA ,PROVEEDOR,TIPO,PRODUCTO,ULTIMA  COMPRA, ULTIMO COSTO , COSTO PROMEDIO ,PZAS, COSTO TOTAL ,IVA, PRECIO  , PRECIO MAYOREO ,PZAS MAYOREO,DCTO
10071117,COFFEE DEPOT,REFACCIONES COFFEE,COFFEE DEPOT,VARIOS,MANERAL P/1 TAZA P/CAFETERA,," $1,547.00 "," $1,547.00 ",1," $1,547.00 ",16%," $2,578 "," $2,578.33 ",0,0%
10071129R,COFFEE DEPOT,REFACCIONES COFFEE,COFFEE DEPOT,VARIOS,MANERAL 2 GRUPOS PROMAC,," $1,547.00 "," $1,547.00 ",1," $1,547.00 ",16%," $2,578 "," $2,578.33 ",0,0%
11267,COFFEE DEPOT,REFACCIONES COFFEE,COFFEE DEPOT,VARIOS,MANOMETRO 0-16 BAR L'ANNA,, $347.20 , $347.20 ,1, $347.20 ,16%, $579 , $578.67 ,0,0%
11374,COFFEE DEPOT,REFACCIONES COFFEE,COFFEE DEPOT,VARIOS,EMPAQUE TRIANGULO BA-202 RESIS,, $43.10 , $43.10 ,2, $86.20 ,16%, $72 , $71.83 ,0,0%
1800,COFFEE DEPOT,EQUIPOS COFFEE,COFFEE DEPOT,EQUIPO,CAJA ANTIRUIDO PARA LICUADORA ICESMART,13/12/2024," $2,200.00 "," $2,044.89 ",24," $49,077.30 ",16%," $4,142.86 "," $4,142.86 ",0,28%
20115,COFFEE DEPOT,ACCESORIOS COFFEE,COFFEE DEPOT,VARIOS,FILTRO REGULAR 1M 500/2 50CL,20/12/2023, $334.59 , $339.83 ,3," $1,019.50 ",16%, $520.00 , $520.00 ,0,0%
20138,COFFEE DEPOT,ACCESORIOS COFFEE,COFFEE DEPOT,VARIOS,FILTRO GOURMET 500 250/2 25/CL,13/12/2024, $525.00 , $489.03 ,25," $12,225.67 ",16%, $475.00 , $475.00 ,0,0%
30034,COFFEE DEPOT,ACCESORIOS COFFEE,COFFEE DEPOT,VARIOS,CAJA CON 10 CAPSULAS DE GAS,13/12/2024, $110.00 , $110.70 ,199," $22,029.29 ",16%, $147.00 , $147.00 ,0,0%
34030078,COFFEE DEPOT,REFACCIONES COFFEE,COFFEE DEPOT,VARIOS,SWITCH BLACK/GREEN 84198180,30/Ago/202, $68.97 , $68.96 ,9, $620.68 ,16%, $115 , $114.94 ,0,0%
34030116,COFFEE DEPOT,REFACCIONES COFFEE,COFFEE DEPOT,VARIOS,LAMPARA DE NEON PROMAC,, $91.00 , $91.00 ,1, $91.00 ,16%, $152 , $151.67 ,0,0%
34040137,COFFEE DEPOT,REFACCIONES COFFEE,COFFEE DEPOT,VARIOS,ELECTROVALVULA 3/2 WAYS 110-,20/03/2024," $1,732.50 "," $1,428.32 ",0, $-   ,16%," $2,888 "," $2,887.50 ",0,0%
36301046,COFFEE DEPOT,REFACCIONES COFFEE,COFFEE DEPOT,VARIOS,EMPAQUE PROMAC DE GRUPO,03/01/2025, $112.04 , $112.04 ,33," $3,697.29 ",16%, $187 , $186.73 ,0,0%
38123057,COFFEE DEPOT,REFACCIONES COFFEE,COFFEE DEPOT,VARIOS,FILTRO CIEGO DE NEOPRENO,30/Ago/202, $17.24 , $17.24 ,10, $172.41 ,16%, $29 , $28.74 ,0,0%
40100001,COFFEE DEPOT,REFACCIONES COFFEE,COFFEE DEPOT,VARIOS,FILTRO SENCILLO 1 TAZA,, $123.90 , $123.90 ,22," $2,725.80 ",16%, $207 , $206.50 ,0,0%
40100011,COFFEE DEPOT,REFACCIONES COFFEE,COFFEE DEPOT,VARIOS,FILTRO CIEGO ACERO PROMAC,30/Ago/202, $86.21 , $86.21 ,14," $1,206.90 ",16%, $144 , $143.68 ,0,0%
40100107,COFFEE DEPOT,REFACCIONES COFFEE,COFFEE DEPOT,VARIOS,FILTRO DOBLE 2 TAZAS P/CAFETERA,02/09/2022, $123.90 , $123.90 ,0, $-   ,16%, $207 , $206.50 ,0,0%
5126,COFFEE DEPOT,ACCESORIOS COFFEE,COFFEE DEPOT,VARIOS,VASO MEDIDOR SHOT-GLASS,13/12/2024, $56.00 , $56.00 ,32," $1,792.00 ",16%, $85.00 , $77.00 ,7,0%
52151505,COFFEE DEPOT,DESECHABLES COFFEE,COFFEE DEPOT,VARIOS,AGITADOR DE 19 cm DE MADERA,13/12/2024, $117.00 , $116.95 ,91," $10,642.76 ",16%, $180.00 , $172.00 ,7,0%
5341009001,COFFEE DEPOT,INSUMOS COFFEE,COFFEE DEPOT,VARIOS,JARABE ESSENCE AMARETO 1 L,08/01/2025, $114.00 , $113.99 ,36," $4,103.69 ",16%, $172.00 , $162.00 ,7,0%
5341009002,COFFEE DEPOT,INSUMOS COFFEE,COFFEE DEPOT,VARIOS,JARABE ESSENCE CREMA IRLANDESA,08/01/2025, $114.00 , $114.00 ,137," $15,618.00 ",16%, $172.00 , $162.00 ,7,0%
5341009003,COFFEE DEPOT,INSUMOS COFFEE,COFFEE DEPOT,VARIOS,JARABE ESSENCE TIRAMISU 1 L,16/10/2024, $114.00 , $113.92 ,52," $5,923.63 ",16%, $172.00 , $162.00 ,7,0%
5341009005,COFFEE DEPOT,INSUMOS COFFEE,COFFEE DEPOT,VARIOS,JARABE ESSENCE VAINILLA FRANC 1,07/01/2025, $114.00 , $114.00 ,59," $6,726.00 ",16%, $172.00 , $162.00 ,7,0%
5341009006,COFFEE DEPOT,INSUMOS COFFEE,COFFEE DEPOT,VARIOS,JARABE ESSENCE ALMENDRA 1 L,16/10/2024, $114.00 , $113.53 ,61," $6,925.54 ",16%, $172.00 , $162.00 ,7,0%
5341009007,COFFEE DEPOT,INSUMOS COFFEE,COFFEE DEPOT,VARIOS,JARABE ESSENCE CHOCOLATE BLN 1,16/10/2024, $113.88 , $113.88 ,55," $6,263.24 ",16%, $172.00 , $162.00 ,7,0%
5341009008,COFFEE DEPOT,INSUMOS COFFEE,COFFEE DEPOT,VARIOS,JARABE ESSENCE MORA AZUL 1 L,08/01/2025, $114.00 , $114.00 ,629," $71,706.00 ",16%, $172.00 , $162.00 ,7,0%
5341009008GL,COFFEE DEPOT,INSUMOS COFFEE,COFFEE DEPOT,VARIOS,JARABE ESSENCE MORA AZUL,13/12/2024, $126.00 , $126.00 ,34," $4,284.00 ",16%, $172.00 , $162.00 ,7,0%
5341009009,COFFEE DEPOT,INSUMOS COFFEE,COFFEE DEPOT,VARIOS,JARABE ESSENCE MANZANA VERDE,13/12/2024, $114.00 , $114.00 ,271," $30,894.00 ",16%, $172.00 , $162.00 ,7,0%
5341009009GL,COFFEE DEPOT,INSUMOS COFFEE,COFFEE DEPOT,VARIOS,JARABE ESSENCE GLITTER MANZANA,13/12/2024, $126.00 , $126.00 ,41," $5,166.00 ",16%, $190.00 , $180.00 ,7,0%
5341009010,COFFEE DEPOT,INSUMOS COFFEE,COFFEE DEPOT,VARIOS,JARABE ESSENCE MENTA FRANCESA,13/12/2024, $114.00 , $114.00 ,85," $9,690.00 ",16%, $172.00 , $162.00 ,7,0%
5341009011,COFFEE DEPOT,INSUMOS COFFEE,COFFEE DEPOT,VARIOS,JARABE ESSENCE CARAMELO 1 L,08/01/2025, $114.00 , $114.00 ,170," $19,380.00 ",16%, $172.00 , $162.00 ,7,0%
5341009012,COFFEE DEPOT,INSUMOS COFFEE,COFFEE DEPOT,VARIOS,JARABE ESSENCE KIWI 1 L,07/01/2025, $114.00 , $114.00 ,213," $24,282.00 ",16%, $172.00 , $162.00 ,7,0%
5341009013,COFFEE DEPOT,INSUMOS COFFEE,COFFEE DEPOT,VARIOS,JARABE ESSENCE COCO 1 L,08/01/2025, $114.00 , $114.00 ,53," $6,042.00 ",16%, $172.00 , $162.00 ,7,0%
5341009014,COFFEE DEPOT,INSUMOS COFFEE,COFFEE DEPOT,VARIOS,JARABE ESSENCE MANGO 1 L,07/01/2025, $114.00 , $114.00 ,366," $41,723.98 ",16%, $172.00 , $162.00 ,7,0%
5341009014GL,COFFEE DEPOT,INSUMOS COFFEE,COFFEE DEPOT,VARIOS,JARABE ESSENCE GLITTER MANGO 1L,13/12/2024, $126.00 , $126.00 ,45," $5,670.00 ",16%, $190.00 , $180.00 ,7,0%
5341009015,COFFEE DEPOT,INSUMOS COFFEE,COFFEE DEPOT,VARIOS,JARABE ESSENCE FRESA 1 L,07/01/2025, $114.00 , $114.00 ,276," $31,464.00 ",16%, $172.00 , $162.00 ,7,0%
5341009015GL,COFFEE DEPOT,INSUMOS COFFEE,COFFEE DEPOT,VARIOS,JARABE ESSENCE GLITTER FRESA 1L,13/12/2024, $126.00 , $126.00 ,37," $4,662.00 ",16%, $190.00 , $180.00 ,7,0%
5341009016,COFFEE DEPOT,INSUMOS COFFEE,COFFEE DEPOT,VARIOS,JARABE ESSENCE FRUTAS DE LA,08/01/2025, $114.00 , $114.00 ,147," $16,758.00 ",16%, $172.00 , $162.00 ,7,0%
5341009017,COFFEE DEPOT,INSUMOS COFFEE,COFFEE DEPOT,VARIOS,JARABE ESSENCE LIMA LIMON 1 L,17/May/202, $98.73 , $98.73 ,0, $-   ,16%, $172.00 , $162.00 ,7,0%
5341009018,COFFEE DEPOT,INSUMOS COFFEE,COFFEE DEPOT,VARIOS,JARABE ESSENCE MANDARINA 1 L,16/10/2024, $113.99 , $113.99 ,122," $13,907.04 ",16%, $172.00 , $162.00 ,7,0%
5341009019,COFFEE DEPOT,INSUMOS COFFEE,COFFEE DEPOT,VARIOS,JARABE ESSENCE VAINILLA 1 L,08/01/2025, $114.00 , $114.00 ,255," $29,070.00 ",16%, $172.00 , $162.00 ,7,0%
5341009020,COFFEE DEPOT,INSUMOS COFFEE,COFFEE DEPOT,VARIOS,JARABE ESSENCE CAJETA 1 L,08/01/2025, $114.00 , $114.00 ,177," $20,177.98 ",16%, $172.00 , $162.00 ,7,0%
5341009021,COFFEE DEPOT,INSUMOS COFFEE,COFFEE DEPOT,VARIOS,JARABE ESSENCE ROMPOPE 1 L,08/01/2025, $114.00 , $113.99 ,127," $14,476.94 ",16%, $172.00 , $162.00 ,7,0%
5341009022S,COFFEE DEPOT,INSUMOS COFFEE,COFFEE DEPOT,VARIOS,JARABE ESSENCE AVELLANA 1 L,08/01/2025, $114.00 , $114.00 ,203," $23,142.00 ",16%, $172.00 , $162.00 ,7,0%
5341009025S,COFFEE DEPOT,INSUMOS COFFEE,COFFEE DEPOT,VARIOS,JARABE ESSENCE CHOCOLATE SUIZO,08/01/2025, $114.00 , $114.00 ,88," $10,031.99 ",16%, $172.00 , $162.00 ,7,0%
5341009026GL,COFFEE DEPOT,INSUMOS COFFEE,COFFEE DEPOT,VARIOS,JARABE ESSENCE GLITTER CEREZA 1L,13/12/2024, $126.00 , $126.00 ,44," $5,544.00 ",16%, $190.00 , $180.00 ,7,0%
5341009026S,COFFEE DEPOT,INSUMOS COFFEE,COFFEE DEPOT,VARIOS,JARABE ESSENCE CEREZA 1 L,08/01/2025, $114.00 , $114.00 ,86," $9,803.99 ",16%, $172.00 , $162.00 ,7,0%
5341009027S,COFFEE DEPOT,INSUMOS COFFEE,COFFEE DEPOT,VARIOS,JARABE ESSENCE ARANDANO 1 L,13/12/2024, $114.00 , $114.00 ,101," $11,514.00 ",16%, $172.00 , $162.00 ,7,0%
5341009028,COFFEE DEPOT,INSUMOS COFFEE,COFFEE DEPOT,VARIOS,JARABE ESSENCE PLATANO 1 L,08/01/2025, $114.00 , $114.00 ,142," $16,188.00 ",16%, $172.00 , $162.00 ,7,0%
5344008001,COFFEE DEPOT,INSUMOS COFFEE,COFFEE DEPOT,VARIOS,PERLAS MOLECULARES FRESA 1 kg,23/Ago/202, $143.00 , $143.00 ,52," $7,436.00 ",0%, $205.00 , $195.00 ,3,0%
5344008002,COFFEE DEPOT,INSUMOS COFFEE,COFFEE DEPOT,VARIOS,PERLAS MOLECULARES BLUEBERRY,23/Ago/202, $143.00 , $143.00 ,3, $429.00 ,0%, $205.00 , $195.00 ,3,0%
5344008003,COFFEE DEPOT,INSUMOS COFFEE,COFFEE DEPOT,VARIOS,PERLAS MOLECULARES MANZANA,23/Ago/202, $143.00 , $143.00 ,21," $3,003.00 ",0%, $205.00 , $195.00 ,3,0%
5344008005,COFFEE DEPOT,INSUMOS COFFEE,COFFEE DEPOT,VARIOS,PERLAS MOLECULARES CHICLE AZUL,23/Ago/202, $142.53 , $142.53 ,23," $3,278.18 ",0%, $205.00 , $195.00 ,3,0%
5344008006,COFFEE DEPOT,INSUMOS COFFEE,COFFEE DEPOT,VARIOS,PERLAS EXPLOSIVAS PIÑA COLADA,29/12/2023, $106.00 , $106.00 ,0, $-   ,0%, $205.00 , $195.00 ,3,0%
5344008007,COFFEE DEPOT,INSUMOS COFFEE,COFFEE DEPOT,VARIOS,PERLAS EXPLOSIVAS GROSELLA,23/Ago/202, $143.00 , $143.00 ,41," $5,863.00 ",0%, $205.00 , $195.00 ,3,0%
5344008009,COFFEE DEPOT,INSUMOS COFFEE,COFFEE DEPOT,VARIOS,PERLAS MOLECULARES TARO 1 kg,23/Ago/202, $143.00 , $143.00 ,26," $3,718.00 ",0%, $205.00 , $195.00 ,3,0%
5344008010,COFFEE DEPOT,INSUMOS COFFEE,COFFEE DEPOT,VARIOS,PERLAS MOLECULARES MARACUYA,23/Ago/202, $140.99 , $140.99 ,21," $2,960.77 ",0%, $205.00 , $195.00 ,3,0%
5344008011,COFFEE DEPOT,INSUMOS COFFEE,COFFEE DEPOT,VARIOS,PERLAS MOLECULARES LYCHEE 1 kg,23/Ago/202, $143.00 , $143.00 ,0, $-   ,0%, $205.00 , $195.00 ,3,0%
5344008012,COFFEE DEPOT,INSUMOS COFFEE,COFFEE DEPOT,VARIOS,PERLAS MOLECULARES MANGO 1 kg,23/Ago/202, $143.00 , $143.00 ,0, $-   ,0%, $205.00 , $195.00 ,3,0%
53440088004,COFFEE DEPOT,INSUMOS COFFEE,COFFEE DEPOT,VARIOS,PERLAS EXPLOSIVAS CHAMOY 1KG,29/12/2023, $106.00 , $106.00 ,0, $-   ,0%, $205.00 , $195.00 ,3,0%
5345100106,COFFEE DEPOT,INSUMOS COFFEE,COFFEE DEPOT,VARIOS,BASE EN POLVO CHAI ORIGINAL 1.36,08/01/2025, $188.64 , $188.67 ,195," $36,790.08 ",0%, $250.00 , $240.00 ,7,0%
5345100107,COFFEE DEPOT,INSUMOS COFFEE,COFFEE DEPOT,VARIOS,CREMA BATIDA 500 g,08/01/2025, $78.00 , $78.00 ,127," $9,905.98 ",0%, $120.00 , $120.00 ,0,0%
5345100108,COFFEE DEPOT,INSUMOS COFFEE,COFFEE DEPOT,VARIOS,BASE EN POLVO ICE CRYSTAL 1.36 kg,08/01/2025, $183.99 , $184.16 ,228," $41,987.42 ",0%, $250.00 , $240.00 ,7,0%
5345100109,COFFEE DEPOT,INSUMOS COFFEE,COFFEE DEPOT,VARIOS,BASE EN POLVO CHOCOLATE,08/01/2025, $189.00 , $188.47 ,76," $14,324.02 ",0%, $250.00 , $240.00 ,7,0%
5345100114,COFFEE DEPOT,INSUMOS COFFEE,COFFEE DEPOT,VARIOS,BASE EN POLVO ICE COCO 1.36 kg,08/01/2025, $189.00 , $184.61 ,80," $14,768.95 ",0%, $250.00 , $240.00 ,7,0%
5345100115,COFFEE DEPOT,INSUMOS COFFEE,COFFEE DEPOT,VARIOS,BASE EN POLVO CAPPUCCINO 1.36 KG,08/01/2025, $189.00 , $188.70 ,217," $40,947.77 ",0%, $250.00 , $240.00 ,7,0%
5345100117,COFFEE DEPOT,INSUMOS COFFEE,COFFEE DEPOT,VARIOS,BASE EN POLVO COOKIES AND,08/01/2025, $188.42 , $188.42 ,344," $64,817.69 ",0%, $250.00 , $240.00 ,7,0%
5345100118,COFFEE DEPOT,INSUMOS COFFEE,COFFEE DEPOT,VARIOS,BASE EN POLVO CHOCOLATE,08/01/2025, $189.00 , $186.88 ,237," $44,290.55 ",0%, $250.00 , $240.00 ,7,0%
5345100120,COFFEE DEPOT,INSUMOS COFFEE,COFFEE DEPOT,VARIOS,BASE EN POLVO XPLOSION DESLAC,08/01/2025, $188.96 , $188.96 ,543," $102,607.86 ",0%, $250.00 , $240.00 ,7,0%
5345100127,COFFEE DEPOT,INSUMOS COFFEE,COFFEE DEPOT,VARIOS,BASE EN POLVO MAZAPAN 1.36 kg,08/01/2025, $189.00 , $188.13 ,127," $23,892.46 ",0%, $250.00 , $240.00 ,7,0%
5345100128,COFFEE DEPOT,INSUMOS COFFEE,COFFEE DEPOT,VARIOS,BASE EN POLVO MATCHA 1.36 kg,08/01/2025, $188.42 , $188.48 ,152," $28,648.90 ",0%, $250.00 , $240.00 ,7,0%
5345100129,COFFEE DEPOT,INSUMOS COFFEE,COFFEE DEPOT,VARIOS,BASE EN POLVO TARO 1.36 kg,08/01/2025, $187.61 , $187.74 ,315," $59,138.46 ",0%, $250.00 , $240.00 ,7,0%
5345100130,COFFEE DEPOT,INSUMOS COFFEE,COFFEE DEPOT,VARIOS,BASE EN POLVO FRESAS CON,08/01/2025, $189.00 , $187.17 ,299," $55,964.18 ",0%, $250.00 , $240.00 ,7,0%
5345100131,COFFEE DEPOT,INSUMOS COFFEE,COFFEE DEPOT,VARIOS,BASE EN POLVO CHEESECAKE 1.36 kg,08/01/2025, $189.00 , $188.69 ,72," $13,585.77 ",0%, $250.00 , $240.00 ,7,0%
5345100135,COFFEE DEPOT,INSUMOS COFFEE,COFFEE DEPOT,VARIOS,BASE EN POLVO JAVA CHIPS 1.36 kg,08/01/2025, $189.00 , $186.14 ,175," $32,574.17 ",0%, $250.00 , $240.00 ,7,0%
5345100136,COFFEE DEPOT,INSUMOS COFFEE,COFFEE DEPOT,VARIOS,HARINA PARA CREPAS 1.20 kg,08/01/2025, $132.00 , $132.00 ,84," $11,088.00 ",0%, $189.00 , $189.00 ,0,0%
5345100137,COFFEE DEPOT,INSUMOS COFFEE,COFFEE DEPOT,VARIOS,BASE EN POLVO HORCHATA 1.36 kg,08/01/2025, $189.00 , $187.62 ,81," $15,197.43 ",0%, $250.00 , $240.00 ,7,0%
5345101234,COFFEE DEPOT,INSUMOS COFFEE,COFFEE DEPOT,VARIOS,BASE EN POLVO CAJETA 1.36 kg,08/01/2025, $189.00 , $187.74 ,130," $24,406.24 ",0%, $250.00 , $240.00 ,7,0%
5345106009,COFFEE DEPOT,INSUMOS COFFEE,COFFEE DEPOT,VARIOS,BASE EN POLVO LATTE FREZZE 1.36,08/01/2025, $189.00 , $188.63 ,263," $49,608.59 ",0%, $250.00 , $240.00 ,7,0%
5345106016,COFFEE DEPOT,INSUMOS COFFEE,COFFEE DEPOT,VARIOS,BASE EN POLVO MOCHA CHARM 1.36,08/01/2025, $187.53 , $187.61 ,427," $80,109.60 ",0%, $250.00 , $240.00 ,7,0%
5345106023,COFFEE DEPOT,INSUMOS COFFEE,COFFEE DEPOT,VARIOS,BASE EN POLVO VAINILLA 1.36 kg,08/01/2025, $189.00 , $188.91 ,162," $30,602.96 ",0%, $250.00 , $240.00 ,7,0%
5345106024,COFFEE DEPOT,INSUMOS COFFEE,COFFEE DEPOT,VARIOS,BASE EN POLVO PAY DE LIMON 1.36,08/01/2025, $189.00 , $187.61 ,64," $12,007.26 ",0%, $250.00 , $240.00 ,7,0%
5345106025,COFFEE DEPOT,INSUMOS COFFEE,COFFEE DEPOT,VARIOS,BASE EN POLVO NUEZ DE,07/01/2025, $189.00 , $186.61 ,43," $8,024.07 ",0%, $250.00 , $240.00 ,7,0%
5345106026,COFFEE DEPOT,INSUMOS COFFEE,COFFEE DEPOT,VARIOS,BASE EN POLVO ZARZA CREAM 1.36,07/01/2025, $189.00 , $186.38 ,113," $21,060.97 ",0%, $250.00 , $240.00 ,7,0%
5345106027,COFFEE DEPOT,INSUMOS COFFEE,COFFEE DEPOT,VARIOS,BASE EN POLVO CREMA IRLANDESA,16/10/2024, $183.86 , $183.86 ,60," $11,031.42 ",0%, $250.00 , $240.00 ,7,0%
5345106028,COFFEE DEPOT,INSUMOS COFFEE,COFFEE DEPOT,VARIOS,BASE EN POLVO PISTACHE 1.36 KG,16/10/2024, $189.00 , $185.46 ,95," $17,619.16 ",0%, $250.00 , $240.00 ,7,0%
5345106029,COFFEE DEPOT,INSUMOS COFFEE,COFFEE DEPOT,VARIOS,BASE EN POLVO PEPINO LIMON 1.36,18/10/2022, $172.00 , $172.00 ,0, $-   ,0%, $250.00 , $240.00 ,7,0%
5345106030,COFFEE DEPOT,INSUMOS COFFEE,COFFEE DEPOT,VARIOS,BASE EN POLVO PINK LEMONADE,08/01/2025, $189.00 , $188.59 ,87," $16,407.11 ",0%, $250.00 , $240.00 ,7,0%
5345106031,COFFEE DEPOT,INSUMOS COFFEE,COFFEE DEPOT,VARIOS,BASE EN POLVO BLUEBERRY,13/12/2024, $189.00 , $185.21 ,93," $17,224.80 ",0%, $250.00 , $240.00 ,7,0%
5345106032,COFFEE DEPOT,INSUMOS COFFEE,COFFEE DEPOT,VARIOS,BASE EN POLVO MANGO MARACUYA,07/01/2025, $189.00 , $188.74 ,77," $14,532.89 ",0%, $250.00 , $240.00 ,7,0%
5345106033,COFFEE DEPOT,INSUMOS COFFEE,COFFEE DEPOT,VARIOS,BASE EN POLVO FRESA SANDIA 1.36,16/10/2024, $183.69 , $183.69 ,168," $30,860.06 ",0%, $250.00 , $240.00 ,7,0%
5345106034,COFFEE DEPOT,INSUMOS COFFEE,COFFEE DEPOT,VARIOS,BASE EN POLVO RED VELVET 1.36 KG,16/10/2024, $184.35 , $184.35 ,55," $10,139.01 ",0%, $250.00 , $240.00 ,7,0%
5345106035,COFFEE DEPOT,INSUMOS COFFEE,COFFEE DEPOT,VARIOS,BASE EN POLVO COTTON CANDY,10/06/2024, $172.00 , $172.00 ,51," $8,772.00 ",0%, $250.00 , $240.00 ,7,0%
7502210321119,COFFEE DEPOT,INSUMOS COFFEE,COFFEE DEPOT,VARIOS,SALSA GIALINNI FRESA 3.78 L,08/01/2025, $444.00 , $442.24 ,13," $5,749.10 ",16%, $604.00 , $604.00 ,0,0%
7502210321126,COFFEE DEPOT,INSUMOS COFFEE,COFFEE DEPOT,VARIOS,SALSA GIALINNI MANGO 3.78 L,13/04/2023, $391.00 , $391.00 ,0, $-   ,16%, $604.00 , $604.00 ,0,0%
7502210321508,COFFEE DEPOT,INSUMOS COFFEE,COFFEE DEPOT,VARIOS,SALSA GIALINNI CARAMELO 3.78 L,08/01/2025, $464.00 , $464.00 ,97," $45,007.97 ",0%, $632.00 , $632.00 ,0,0%
7502210321515,COFFEE DEPOT,INSUMOS COFFEE,COFFEE DEPOT,VARIOS,SALSA GIALINNI CHOCOLATE OSCURO,13/12/2024, $324.99 , $324.99 ,161," $52,323.97 ",0%, $442.00 , $442.00 ,0,0%
7502210321614,COFFEE DEPOT,INSUMOS COFFEE,COFFEE DEPOT,VARIOS,SALSA GIALINNI CHOCOLATE BLANCO,12/12/2024, $462.36 , $462.36 ,50," $23,118.06 ",0%, $632.00 , $632.00 ,0,0%
7502210321645,COFFEE DEPOT,INSUMOS COFFEE,COFFEE DEPOT,VARIOS,SALSA GIALINNI CHAMOY 3.78 L,16/10/2024, $255.60 , $255.60 ,12," $3,067.20 ",0%, $357.00 , $357.00 ,0,0%
7502210321683,COFFEE DEPOT,INSUMOS COFFEE,COFFEE DEPOT,VARIOS,SALSA GIALINNI CAJETA 3.78 L,13/12/2024, $481.82 , $481.82 ,18," $8,672.82 ",0%, $657.00 , $657.00 ,0,0%
7503022496262,COFFEE DEPOT,INSUMOS COFFEE,COFFEE DEPOT,VARIOS,BASE EN POLVO PAY DE CALABAZA,17/10/2024, $287.50 , $242.11 ,4, $968.42 ,0%, $250.00 , $240.00 ,7,0%
CAFE12,COFFEE DEPOT,INSUMOS COFFEE,COFFEE DEPOT,VARIOS,CAFE DE GRANO REGULAR 1 kg,13/12/2024, $175.00 , $175.00 ,24," $4,200.00 ",0%, $175.00 , $225.00 ,0,0%
CAFE14,COFFEE DEPOT,INSUMOS COFFEE,COFFEE DEPOT,VARIOS,CAFE DE ALTURA MEZCLA OAXACA-,12/12/2024, $175.00 , $175.00 ,9," $1,575.00 ",16%, $175.00 , $225.00 ,0,0%
CD-8890,COFFEE DEPOT,ACCESORIOS COFFEE,COFFEE DEPOT,VARIOS,JARRA NEGRA P/CAFE AMERICANO,, $297.00 , $297.00 ,2, $594.00 ,16%, $150.00 , $742.50 ,0,0%
CD-BR,COFFEE DEPOT,ACCESORIOS COFFEE,COFFEE DEPOT,VARIOS,CEPILLO PARA LAVADO DE JARRA,, $26.00 , $26.00 ,7, $182.00 ,16%," $1,030.00 ", $43.33 ,0,0%
CD002,COFFEE DEPOT,INSUMOS COFFEE,COFFEE DEPOT,VARIOS,TISANA DE MORAS 250 g,07/01/2025, $156.00 , $156.00 ,76," $11,856.00 ",0%, $240.00 , $230.00 ,7,0%
CD003,COFFEE DEPOT,INSUMOS COFFEE,COFFEE DEPOT,VARIOS,TISANA DE FRUTAS 250 g,16/10/2024, $156.00 , $156.00 ,102," $15,912.00 ",0%, $240.00 , $230.00 ,7,0%
CD005,COFFEE DEPOT,INSUMOS COFFEE,COFFEE DEPOT,VARIOS,TISANA DE MANGO LIMON 250 g,07/01/2025, $156.00 , $156.00 ,131," $20,436.00 ",0%, $240.00 , $230.00 ,7,0%
CD006,COFFEE DEPOT,INSUMOS COFFEE,COFFEE DEPOT,VARIOS,TISANA DE GUAYABA 250 g,16/10/2024, $156.00 , $156.00 ,32," $4,992.00 ",0%, $240.00 , $230.00 ,7,0%
CD007,COFFEE DEPOT,INSUMOS COFFEE,COFFEE DEPOT,VARIOS,TISANA DE SUEÑO DE MANZANA 250,07/01/2025, $156.00 , $156.00 ,66," $10,296.00 ",0%, $240.00 , $230.00 ,7,0%
CD014,COFFEE DEPOT,INSUMOS COFFEE,COFFEE DEPOT,VARIOS,TISANA DE FRUTAS DE LA PASION,08/01/2025, $156.00 , $156.00 ,435," $67,860.00 ",0%, $240.00 , $230.00 ,7,0%
CD017,COFFEE DEPOT,INSUMOS COFFEE,COFFEE DEPOT,VARIOS,TISANA DE STRAWBERRY KIWI 250 g,13/12/2024, $156.00 , $156.00 ,141," $21,996.00 ",0%, $240.00 , $230.00 ,7,0%
CD018,COFFEE DEPOT,INSUMOS COFFEE,COFFEE DEPOT,VARIOS,TISANA DE PIÑA 250 g,07/01/2025, $156.00 , $156.00 ,68," $10,608.00 ",0%, $240.00 , $230.00 ,7,0%
CD019,COFFEE DEPOT,INSUMOS COFFEE,COFFEE DEPOT,VARIOS,TISANA DE CHOCOLATE FRUTAL 250 g,16/10/2024, $156.00 , $155.38 ,58," $9,012.14 ",0%, $240.00 , $230.00 ,7,0%
CD020,COFFEE DEPOT,INSUMOS COFFEE,COFFEE DEPOT,VARIOS,TE VERDE CON MENTA 250 g,16/10/2024, $168.00 , $168.00 ,43," $7,223.97 ",0%, $260.00 , $250.00 ,7,0%
CD028,COFFEE DEPOT,INSUMOS COFFEE,COFFEE DEPOT,VARIOS,TISANA DE MANZANA CON,08/01/2025, $156.00 , $156.00 ,81," $12,636.00 ",0%, $240.00 , $230.00 ,7,0%
CDAFROTH,COFFEE DEPOT,ACCESORIOS COFFEE,COFFEE DEPOT,VARIOS,CAPUCHINADOR AUTOMATICO,28/04/2023, $662.00 , $662.00 ,4," $2,648.00 ",16%, $974.00 , $877.00 ,7,0%
CDAIRPOT25,COFFEE DEPOT,ACCESORIOS COFFEE,COFFEE DEPOT,VARIOS,TERMO PROFESIONAL A. INOX. 2.5 L,28/04/2023, $411.00 , $411.00 ,2, $822.00 ,16%, $685.00 , $685.00 ,0,0%
CDBAGACERO,COFFEE DEPOT,ACCESORIOS COFFEE,COFFEE DEPOT,VARIOS,INSERTO BAGACERO A. INOX.,13/12/2024, $256.00 , $256.00 ,18," $4,608.00 ",16%, $394.00 , $394.00 ,0,0%
CDCLIP,COFFEE DEPOT,ACCESORIOS COFFEE,COFFEE DEPOT,VARIOS,CUCHARA CLIP P/BOLSA D CAFE,16/02/2024, $12.00 , $12.00 ,10, $120.00 ,16%, $27.00 , $25.00 ,7,0%
CDFP350,COFFEE DEPOT,ACCESORIOS COFFEE,COFFEE DEPOT,VARIOS,PRENSA FRANCESA DE 350 mL LISA,26/Ago/202, $96.00 , $96.00 ,1, $96.00 ,16%, $212.00 , $191.00 ,7,0%
CDFP800,COFFEE DEPOT,ACCESORIOS COFFEE,COFFEE DEPOT,VARIOS,PRENSA FRANCESA DE 800 mL LISA,26/Ago/202, $151.00 , $146.67 ,0, $-   ,16%, $240.00 , $216.00 ,7,0%
CDINF,COFFEE DEPOT,ACCESORIOS COFFEE,COFFEE DEPOT,VARIOS,INFUSOR DE TE COFFEE DEPOT,11/May/202, $24.00 , $24.00 ,9, $216.00 ,16%, $48.00 , $44.00 ,7,0%
CDPBN,COFFEE DEPOT,ACCESORIOS COFFEE,COFFEE DEPOT,VARIOS,PORTA BAGACERO DE LAMINA NEGRO,16/10/2024, $254.00 , $240.31 ,13," $3,124.08 ",16%, $358.00 , $358.00 ,0,0%
CDPBR,COFFEE DEPOT,ACCESORIOS COFFEE,COFFEE DEPOT,VARIOS,PORTA BAGACERO DE LAMINA ROJO,16/10/2024, $254.00 , $245.24 ,11," $2,697.62 ",16%, $358.00 , $358.00 ,0,0%
CDPLANT4,COFFEE DEPOT,ACCESORIOS COFFEE,COFFEE DEPOT,VARIOS,JUEGO DE 4 PLANTILLAS PLASTICAS,13/12/2024, $19.00 , $19.00 ,9, $171.00 ,16%, $60.00 , $54.00 ,7,0%
CDPOT1L,COFFEE DEPOT,ACCESORIOS COFFEE,COFFEE DEPOT,VARIOS,TETERA DE VIDRIO SOPLADO 1L,, $184.00 , $184.00 ,1, $184.00 ,16%, $316.00 , $285.00 ,7,0%
CDSIFON-R,COFFEE DEPOT,ACCESORIOS COFFEE,COFFEE DEPOT,VARIOS,SIFON 500 mL P/CREMA BATIDA ROJO,16/10/2024, $486.00 , $486.00 ,28," $13,608.00 ",16%, $780.00 , $702.00 ,7,0%
CDTEMP,COFFEE DEPOT,ACCESORIOS COFFEE,COFFEE DEPOT,VARIOS,TERMOMETRO COFFEE DEPOT,12/10/2023, $51.00 , $51.00 ,6, $306.00 ,16%, $105.00 , $95.00 ,7,0%
CDTMATRC,COFFEE DEPOT,ACCESORIOS COFFEE,COFFEE DEPOT,VARIOS,TAPETE DE SILICONA CHICO P/TAMPER,13/12/2024, $90.00 , $90.00 ,8, $720.00 ,16%, $180.00 , $162.00 ,7,0%
CDTMATRG,COFFEE DEPOT,ACCESORIOS COFFEE,COFFEE DEPOT,VARIOS,TAPETE DE SILICONA GRANDE P/TAMPER,13/12/2024, $105.00 , $105.00 ,7, $735.00 ,16%, $210.00 , $189.00 ,7,0%
EC1,COFFEE DEPOT,EQUIPOS COFFEE,COFFEE DEPOT,EQUIPO,CREPERA ELECTRICA,16/10/2024," $3,980.00 "," $3,958.13 ",5," $19,790.64 ",16%," $8,550.00 "," $8,550.00 ",0,28%
ICESMART,COFFEE DEPOT,EQUIPOS COFFEE,COFFEE DEPOT,EQUIPO,LICUADORA SEMI INDUSTRIAL PROGRAMABLE 1.5L,13/12/2024," $4,050.00 "," $4,039.07 ",28," $113,093.92 ",16%," $8,000.00 "," $8,000.00 ",0,28%
INSU-02,COFFEE DEPOT,DESECHABLES COFFEE,COFFEE DEPOT,VARIOS,FAJILLA 6 CM L/C MANUAL DE,13/12/2024, $33.10 , $33.10 ,285," $9,433.50 ",16%, $60.00 , $60.00 ,7,0%
ITALBAR1,COFFEE DEPOT,EQUIPOS COFFEE,COFFEE DEPOT,EQUIPO,CAFETERA SEMIINDUSTRIAL EXPRESSO 1 GPO 1 LANCETA,08/01/2025," $27,370.00 "," $24,871.57 ",11," $273,587.25 ",16%," $56,600.00 "," $56,600.00 ",0,28%
ITALBAR2,COFFEE DEPOT,EQUIPOS COFFEE,COFFEE DEPOT,EQUIPO,CAFETERA SEMIINDUSTRIAL EXPRESSO 2 GPOS 1 LANCETA,18/10/2024," $41,150.00 "," $40,800.00 ",1," $40,800.00 ",16%," $84,600.00 "," $84,600.00 ",0,28%
ITALBAR2C,COFFEE DEPOT,EQUIPOS COFFEE,COFFEE DEPOT,EQUIPO,CAFETERA SEMIINDUSTRIAL EXPRESSO 2 GPOS 1 LANCETA,18/10/2024," $35,530.00 "," $35,180.00 ",1," $35,180.00 ",16%," $73,200.00 "," $73,200.00 ",0,28%
KLINCAF,COFFEE DEPOT,ACCESORIOS COFFEE,COFFEE DEPOT,VARIOS,LIMPIADOR P/MAQ. CAFETERA 400 g,21/01/2025, $84.00 , $83.92 ,22," $1,846.32 ",16%, $134.00 , $134.00 ,0,0%
LANCEKLI,COFFEE DEPOT,ACCESORIOS COFFEE,COFFEE DEPOT,VARIOS,LIMPIADOR P/LACETA DE VAPOR 450,03/10/2024, $126.00 , $129.06 ,13," $1,677.76 ",16%, $232.00 , $232.00 ,0,0%
LATTEART,COFFEE DEPOT,ACCESORIOS COFFEE,COFFEE DEPOT,VARIOS,LAPIZ ACERO INOX. PARA ARTE,13/12/2024, $49.00 , $49.00 ,57," $2,793.00 ",16%, $103.00 , $93.00 ,0,0%
MARFILL,COFFEE DEPOT,EQUIPOS COFFEE,COFFEE DEPOT,EQUIPO,MOLINO MANUAL PARA ESPRESSO 2 KG,18/10/2024," $8,200.00 "," $8,200.00 ",2," $16,400.00 ",16%," $16,100.00 "," $16,100.00 ",0,28%
SK-120PT,COFFEE DEPOT,EQUIPOS COFFEE,COFFEE DEPOT,EQUIPO,MAQUINA DE HIELO (55 KG PRODUCCION/ HORA),23/Ago/202," $18,900.00 "," $20,540.00 ",1," $20,540.00 ",16%," $36,000.00 "," $36,000.00 ",0,25%
PLAST-A300,COFFEE DEPOT,REFACCIONES COFFEE,COFFEE DEPOT,VARIOS,EMPAQUE P/PATAS P/ A3000,," $32,500.00 ", $18.20 ,4, $72.80 ,16%," $62,143 "," $62,142.86 ",0,0%
PS107-800,COFFEE DEPOT,ACCESORIOS COFFEE,COFFEE DEPOT,VARIOS,PRENSA FRANCESA DE 800 mL,16/02/2024, $151.00 , $152.34 ,6, $914.06 ,16%, $302.00 , $272.00 ,7,0%
RS-10,COFFEE DEPOT,ACCESORIOS COFFEE,COFFEE DEPOT,VARIOS,DOSIFICADOR DE 10 mL,16/10/2024, $30.00 , $30.00 ,92," $2,760.00 ",16%, $60.00 , $54.00 ,7,0%
RS-30,COFFEE DEPOT,ACCESORIOS COFFEE,COFFEE DEPOT,VARIOS,DOSIFICADOR DE 30 mL,16/10/2024, $44.00 , $41.21 ,77," $3,172.89 ",16%, $88.00 , $80.00 ,7,0%
SC050DSNAT,COFFEE DEPOT,ACCESORIOS COFFEE,COFFEE DEPOT,VARIOS,CUCHARA DOSIFICADORA DOBLE 5 cc,02/09/2022, $6.00 , $6.00 ,0, $-   ,16%, $14.00 , $13.00 ,7,0%
SC60MHNAT,COFFEE DEPOT,ACCESORIOS COFFEE,COFFEE DEPOT,VARIOS,CUCHARA DOSIFICADORA 60 cc (40 G),16/10/2024, $6.00 , $6.00 ,68, $408.07 ,16%, $14.00 , $13.00 ,7,0%
SIF004,COFFEE DEPOT,REFACCIONES COFFEE,COFFEE DEPOT,VARIOS,EMPAQUE P/SIFON DE CREMA BATIDA,, $52.00 , $52.00 ,1, $52.00 ,16%, $87 , $86.67 ,0,0%
SIF006,COFFEE DEPOT,REFACCIONES COFFEE,COFFEE DEPOT,VARIOS,VALVULA P/SIFON DE CREMA BATIDA,, $57.75 , $57.75 ,0, $-   ,16%, $96 , $96.25 ,0,0%
SK-280P,COFFEE DEPOT,EQUIPOS COFFEE,COFFEE DEPOT,EQUIPO,MAQUINA DE HIELO (127 KG PRODUCCION/ HORA),20/12/2023," $32,500.00 "," $36,420.00 ",2," $72,840.00 ",16%," $62,142.86 "," $62,142.86 ",0,25%
SK-500P,COFFEE DEPOT,EQUIPOS COFFEE,COFFEE DEPOT,EQUIPO,MAQUINA DE HIELO (227 KG PRODUCCION/ HORA),19/03/2024," $48,500.00 "," $51,660.00 ",0, $-   ,16%," $92,428.57 "," $92,428.57 ",0,25%
SK-1000P,COFFEE DEPOT,EQUIPOS COFFEE,COFFEE DEPOT,EQUIPO,MAQUINA DE HIELO (455 KG PRODUCCION/ HORA),19/03/2024," $65,000.00 "," $51,660.00 ",0," $65,000.00 ",16%," $123,857.14 "," $123,857.14 ",0,25%
SMC1000,COFFEE DEPOT,EQUIPOS COFFEE,COFFEE DEPOT,EQUIPO,HORNO DE MICROONDA INDUSTRIAL,11/09/2023," $4,900.00 "," $5,739.22 ",4," $22,956.86 ",16%," $9,428.57 "," $9,428.57 ",0,28%
TAMPAP,COFFEE DEPOT,ACCESORIOS COFFEE,COFFEE DEPOT,VARIOS,TAMPER PROF. 58 mm ALUMINIO,16/10/2024, $241.00 , $241.00 ,33," $7,953.00 ",16%, $355.00 , $338.00 ,7,0%
TAMPB,COFFEE DEPOT,ACCESORIOS COFFEE,COFFEE DEPOT,VARIOS,TAMPER PROF. 58 mm ALUMINIO NEGRO,16/10/2024, $241.00 , $241.00 ,27," $6,507.00 ",16%, $355.00 , $338.00 ,7,0%
TAMPR,COFFEE DEPOT,ACCESORIOS COFFEE,COFFEE DEPOT,VARIOS,TAMPER PROF. 58 mm ALUMINIO ROJO,16/10/2024, $241.00 , $241.00 ,12," $2,892.00 ",16%, $355.00 , $338.00 ,7,0%
TAMPW,COFFEE DEPOT,ACCESORIOS COFFEE,COFFEE DEPOT,VARIOS,TAMPER PROF. 58 mm MANGO DE MADERA,29/06/2023, $258.62 , $260.93 ,2, $521.85 ,16%, $431.00 , $410.00 ,7,0%
TRANQUILO,COFFEE DEPOT,EQUIPOS COFFEE,COFFEE DEPOT,EQUIPO,MOLINO MANUAL PARA ESPRESSO 500 GRAMOS,13/12/2024," $6,200.00 "," $6,200.00 ",14," $86,800.00 ",16%," $12,900.00 "," $12,900.00 ",0,28%
TRON,COFFEE DEPOT,EQUIPOS COFFEE,COFFEE DEPOT,EQUIPO,MOLINO PARA ESPRESSO PROGRAMABLE 500 GRAMOS,18/10/2024," $8,200.00 "," $8,200.00 ",2," $16,400.00 ",16%," $15,820.00 "," $15,820.00 ",0,28%
CDFROTH45,COFFEE DEPOT,ACCESORIOS COFFEE,COFFEE DEPOT,VARIOS,CAPUCHINADOR MANUAL 450ML,, $108.00 , $108.00 ,0, $-   ,16%, $216.00 , $195.00 ,7,0%
CDPITCH20T,COFFEE DEPOT,ACCESORIOS COFFEE,COFFEE DEPOT,VARIOS,JARRA DE ACERO INOX. 20 OZ CON TERMOMETRO,, $157.00 , $157.00 ,0, $-   ,16%, $314.00 , $283.00 ,7,0%
CDSIFON,COFFEE DEPOT,ACCESORIOS COFFEE,COFFEE DEPOT,VARIOS,SIFON 500 ML P/CREMA BATIDA NATURAL ALUMINIO,, $486.00 , $486.00 ,0, $-   ,16%, $780.00 , $702.00 ,7,0%
TAMPBP,COFFEE DEPOT,ACCESORIOS COFFEE,COFFEE DEPOT,VARIOS,TAMPER PROFESIONAL 58 mm SISTEMA PUSH NEGRO,, $303.00 , $303.00 ,0, $-   ,16%, $447.00 , $425.00 ,7,0%
NCDFP350,COFFEE DEPOT,ACCESORIOS COFFEE,COFFEE DEPOT,VARIOS,PRENSA FRANCESA DE 350 ML LISA,, $96.00 , $96.00 ,0, $-   ,16%, $192.00 , $173.00 ,7,0%
CDFPR350,COFFEE DEPOT,ACCESORIOS COFFEE,COFFEE DEPOT,VARIOS,PRENSA FRANCESA DE 350 ML RAYAS,, $106.00 , $106.00 ,0, $-   ,16%, $212.00 , $191.00 ,7,0%
CDFPR800,COFFEE DEPOT,ACCESORIOS COFFEE,COFFEE DEPOT,VARIOS,PRENSA FRANCESA DE 800 ML RAYAS,, $151.00 , $151.00 ,0, $-   ,16%, $302.00 , $272.00 ,7,0%
NPS107-350,COFFEE DEPOT,ACCESORIOS COFFEE,COFFEE DEPOT,VARIOS,PRENSA FRANCESA DE 350 ML GRANO,, $106.00 , $106.00 ,0, $-   ,16%, $212.00 , $191.00 ,7,0%
CDTEA1L,COFFEE DEPOT,ACCESORIOS COFFEE,COFFEE DEPOT,VARIOS,TETERA GOURMET C/BASE DE ACERO 1L ,, $249.00 , $249.00 ,0, $-   ,16%, $498.00 , $446.00 ,7,0%
RTD-80L,COFFEE DEPOT,VITRINAS COFFEE,COFFEE DEPOT,EQUIPO,VITRINA TIPO TORRE 1 PUERTA 80L,," $9,950.00 "," $9,950.00 ",0, $-   ,16%," $18,000.00 "," $18,000.00 ",0,20%
SSVRC-70-3,COFFEE DEPOT,VITRINAS COFFEE,COFFEE DEPOT,EQUIPO,VITRINA CURVA 70L,," $10,050.00 "," $10,050.00 ",0, $-   ,16%," $18,142.86 "," $18,142.86 ",0,20%
SSVRC-75,COFFEE DEPOT,VITRINAS COFFEE,COFFEE DEPOT,EQUIPO,VITRINA CURVA 75L,," $11,700.00 "," $11,700.00 ",0, $-   ,16%," $21,285.71 "," $21,285.71 ",0,20%
LAVAMAX500,COFFEE DEPOT,EQUIPOS COFFEE,COFFEE DEPOT,EQUIPO,LAVALOZA SIN CAPOTA  (20 RACKS o 500 PLATOS/HR),," $33,800.00 "," $33,800.00 ",0, $-   ,16%," $69,000.00 "," $69,000.00 ",0,25%
LAVAMAX1000,COFFEE DEPOT,EQUIPOS COFFEE,COFFEE DEPOT,EQUIPO,LAZALOZA MODELO CAPOTA   (35 RACKS o 875 PLATOS/HR),," $52,800.00 "," $52,800.00 ",0, $-   ,16%," $107,857.14 "," $107,857.14 ",0,25%
LAVAMAX1200,COFFEE DEPOT,EQUIPOS COFFEE,COFFEE DEPOT,EQUIPO,LAVALOZA MODELO CAPOTA  (40 RACKS o 1000 PLATOS/HR),," $62,600.00 "," $62,600.00 ",0, $-   ,16%," $127,857.14 "," $127,857.14 ",0,25%
